Frame,Timestamp,Run Number,Baseline,Experimental Mean Luminance,Shutter 0,Gain 0,Shutter 1,Gain 1,Image File 0,Image File 1,Experimental Method,Succesfully Tracked Features 1,Succesfully Tracked Features 0,STF Baseline,STF Experiment,Exposure Baseline,Exposure Experiment,Contrast,Mean Lum,FG Illum,BG Illum,Blur Lum,Exposure Sigma,Exposure Pred
0,2015-04-18 20:45:33.600665088,0.0,0.0,95.50360026041668,403.0,16.0,425.0,16.0,bldg33_2015-04-18_0_0000.png,bldg33_2015-04-18_1_0000.png,GP,1549.0,2182.0,2182.0,1549.0,403.0,425.0,244.0,95.50360026041668,134.62367404737384,82.26358922969676,110.9058999253174,,
1,2015-04-18 20:45:34.467845888,0.0,0.0,100.562373046875,389.0,16.0,401.0,16.0,bldg33_2015-04-18_0_0001.png,bldg33_2015-04-18_1_0001.png,GP,1145.0,1027.0,1027.0,1145.0,389.0,401.0,242.0,100.56237304687501,165.2203913491246,78.67916085744162,126.93055555555556,30.80523967736765,409.87051476429616
2,2015-04-18 20:45:35.310117120,0.0,0.0,96.80260416666668,365.0,16.0,410.0,16.0,bldg33_2015-04-18_0_0002.png,bldg33_2015-04-18_1_0002.png,GP,900.0,822.0,822.0,900.0,365.0,410.0,243.0,96.80260416666667,156.48498970133883,76.60337225514117,124.59811193526635,32.721672614926554,384.13010460018756
3,2015-04-18 20:45:36.007123968,0.0,0.0,121.55529622395834,278.0,16.0,385.0,16.0,bldg33_2015-04-18_0_0003.png,bldg33_2015-04-18_1_0003.png,GP,416.0,387.0,387.0,416.0,278.0,385.0,242.0,121.55529622395834,140.03558187435632,115.30072760543743,132.76413570274636,30.269292037787075,402.71248586404266
4,2015-04-18 20:45:36.693676032,0.0,0.0,116.14018880208334,311.0,16.0,403.0,16.0,bldg33_2015-04-18_0_0004.png,bldg33_2015-04-18_1_0004.png,GP,447.0,514.0,514.0,447.0,311.0,403.0,242.0,116.14018880208334,136.64438722966014,109.20063611014291,131.83241106719368,26.11188186259082,400.734113266974
5,2015-04-18 20:45:37.467410944,0.0,0.0,116.11750325520832,280.0,16.0,400.0,16.0,bldg33_2015-04-18_0_0005.png,bldg33_2015-04-18_1_0005.png,GP,441.0,407.0,407.0,441.0,280.0,400.0,240.0,116.11750325520833,137.42636457260556,108.90561606831648,134.99778106508876,25.68336961478516,410.7242669183082
6,2015-04-18 20:45:38.240425984,0.0,0.0,114.08345377604168,261.0,16.0,410.0,16.0,bldg33_2015-04-18_0_0006.png,bldg33_2015-04-18_1_0006.png,GP,547.0,472.0,472.0,547.0,261.0,410.0,239.0,114.08345377604168,154.7704814624099,100.31311432554897,135.21621621621622,26.555717207654254,405.6213528276726
7,2015-04-18 20:45:39.061858048,0.0,0.0,111.293935546875,234.0,16.0,405.0,16.0,bldg33_2015-04-18_0_0007.png,bldg33_2015-04-18_1_0007.png,GP,377.0,493.0,493.0,377.0,234.0,405.0,242.0,111.293935546875,157.51271884654994,95.65139857093064,132.2702227432591,28.298665380042593,396.56364908818176
8,2015-04-18 20:45:39.951159040,0.0,0.0,119.16591145833334,210.0,16.0,397.0,16.0,bldg33_2015-04-18_0_0008.png,bldg33_2015-04-18_1_0008.png,GP,636.0,490.0,490.0,636.0,210.0,397.0,244.0,119.16591145833334,161.47497425334706,104.84660160334612,133.97736057426837,29.29484746071774,395.42328268209076
9,2015-04-18 20:45:40.904980992,0.0,0.0,127.51670572916667,215.0,16.0,396.0,16.0,bldg33_2015-04-18_0_0009.png,bldg33_2015-04-18_1_0009.png,GP,656.0,525.0,525.0,656.0,215.0,396.0,242.0,127.51670572916667,162.59168383110196,115.64573893342627,135.93703308431162,29.377675303629395,388.75883221684785
10,2015-04-18 20:45:41.818018048,0.0,0.0,125.385048828125,237.0,16.0,389.0,16.0,bldg33_2015-04-18_0_0010.png,bldg33_2015-04-18_1_0010.png,GP,564.0,604.0,604.0,564.0,237.0,389.0,241.0,125.38504882812501,171.73200308959835,109.69913297316138,139.41462053571428,28.496286002377257,384.87075303690085
11,2015-04-18 20:45:42.685959936,0.0,0.0,116.27505533854168,200.0,16.0,385.0,16.0,bldg33_2015-04-18_0_0011.png,bldg33_2015-04-18_1_0011.png,GP,304.0,336.0,336.0,304.0,200.0,385.0,240.0,116.27505533854168,174.15549691040164,96.68568316486581,143.74406332453825,30.244886655740594,373.01162026846134
12,2015-04-18 20:45:43.438270208,0.0,0.0,116.70582356770834,209.0,16.0,374.0,16.0,bldg33_2015-04-18_0_0012.png,bldg33_2015-04-18_1_0012.png,GP,120.0,200.0,200.0,120.0,209.0,374.0,241.0,116.70582356770834,143.19474768280125,107.74076768909028,155.51574074074074,30.2435623621557,372.71379789020443
13,2015-04-18 20:45:44.172350976,0.0,0.0,97.93481119791667,194.0,16.0,375.0,16.0,bldg33_2015-04-18_0_0013.png,bldg33_2015-04-18_1_0013.png,GP,77.0,121.0,121.0,77.0,194.0,375.0,242.0,97.93481119791667,79.58880020597323,104.14393516904845,132.73846153846154,30.103612681436687,367.2471321883138
14,2015-04-18 20:45:44.951078912,0.0,0.0,106.58405598958332,196.0,16.0,368.0,16.0,bldg33_2015-04-18_0_0014.png,bldg33_2015-04-18_1_0014.png,GP,451.0,420.0,420.0,451.0,196.0,368.0,242.0,106.58405598958333,104.43302008238929,107.3120643081213,140.9465899753492,29.81623909182131,406.4162766364029
15,2015-04-18 20:45:45.801068032,0.0,0.0,109.13369466145834,181.0,16.0,405.0,16.0,bldg33_2015-04-18_0_0015.png,bldg33_2015-04-18_1_0015.png,GP,418.0,502.0,502.0,418.0,181.0,405.0,243.0,109.13369466145834,132.54747682801235,101.2094065876612,138.46055597295268,28.438192413779404,402.45363603328224
16,2015-04-18 20:45:46.643843840,0.0,0.0,114.69993489583334,167.0,16.0,401.0,16.0,bldg33_2015-04-18_0_0016.png,bldg33_2015-04-18_1_0016.png,GP,397.0,426.0,426.0,397.0,167.0,401.0,241.0,114.69993489583334,129.941464984552,109.54150836528407,146.6822660098522,26.706811464900497,409.86789570929545
17,2015-04-18 20:45:47.489181952,0.0,0.0,114.05008138020834,158.0,16.0,410.0,16.0,bldg33_2015-04-18_0_0017.png,bldg33_2015-04-18_1_0017.png,GP,350.0,370.0,370.0,350.0,158.0,410.0,241.0,114.05008138020834,126.26421215242019,109.916264377832,141.44896449704143,25.93924268709659,404.09261856733576
18,2015-04-18 20:45:48.334497024,0.0,0.0,116.94951822916669,158.0,16.0,404.0,16.0,bldg33_2015-04-18_0_0018.png,bldg33_2015-04-18_1_0018.png,GP,486.0,375.0,375.0,486.0,158.0,404.0,240.0,116.94951822916667,134.82860453141092,110.89842279539909,144.29471397538015,25.463812912330518,412.9457725839477
19,2015-04-18 20:45:49.179936768,0.0,0.0,116.24186197916669,139.0,16.0,412.0,16.0,bldg33_2015-04-18_0_0019.png,bldg33_2015-04-18_1_0019.png,GP,337.0,405.0,405.0,337.0,139.0,412.0,240.0,116.24186197916667,130.58371524201854,111.38792697804112,136.59313077939234,25.31746769435809,404.8243130233262
20,2015-04-18 20:45:49.932470016,0.0,0.0,120.43296549479167,128.0,16.0,405.0,16.0,bldg33_2015-04-18_0_0020.png,bldg33_2015-04-18_1_0020.png,GP,294.0,347.0,347.0,294.0,128.0,405.0,239.0,120.43296549479167,135.9833805355304,115.16999825723248,142.50428682774748,24.787271008810215,415.7293285833324
21,2015-04-18 20:45:50.728986880,0.0,0.0,122.12384765625,86.0,16.0,415.0,16.0,bldg33_2015-04-18_0_0021.png,bldg33_2015-04-18_1_0021.png,GP,264.0,321.0,321.0,264.0,86.0,415.0,238.0,122.12384765625,139.00926879505664,116.40905367723946,136.40013271400133,24.804547065787876,405.90369905047334
22,2015-04-18 20:45:51.466747136,0.0,0.0,130.13240234375002,88.0,16.0,405.0,16.0,bldg33_2015-04-18_0_0022.png,bldg33_2015-04-18_1_0022.png,GP,250.0,326.0,326.0,250.0,88.0,405.0,238.0,130.13240234375002,150.25223995880535,123.32293482049494,141.4738955823293,24.66250589263171,410.8906691226505
23,2015-04-18 20:45:52.258102784,0.0,0.0,127.54947265625,67.0,16.0,410.0,16.0,bldg33_2015-04-18_0_0023.png,bldg33_2015-04-18_1_0023.png,GP,171.0,203.0,203.0,171.0,67.0,410.0,238.0,127.54947265625,141.83325180226572,122.71519257581038,144.4972299168975,24.49646240467367,396.76953569151743
24,2015-04-18 20:45:53.052471040,0.0,0.0,121.60874348958336,54.0,16.0,397.0,16.0,bldg33_2015-04-18_0_0024.png,bldg33_2015-04-18_1_0024.png,GP,433.0,268.0,268.0,433.0,54.0,397.0,238.0,121.60874348958335,131.05554840370752,118.41151533635413,140.1170282708744,24.38652841097908,400.979415557282
25,2015-04-18 20:45:53.914493184,0.0,0.0,136.57208984375,53.0,16.0,401.0,16.0,bldg33_2015-04-18_0_0025.png,bldg33_2015-04-18_1_0025.png,GP,468.0,175.0,175.0,468.0,53.0,401.0,237.0,136.57208984375,158.95270339855819,128.99747298710352,145.01213282247764,25.292502382551067,405.0236789939467
26,2015-04-18 20:45:54.751952896,0.0,0.0,142.485107421875,46.0,16.0,404.0,16.0,bldg33_2015-04-18_0_0026.png,bldg33_2015-04-18_1_0026.png,GP,213.0,182.0,182.0,213.0,46.0,404.0,234.0,142.485107421875,177.89454170957777,130.5009454513768,143.4221748400853,25.617527860113537,380.88952571872863
27,2015-04-18 20:45:55.546475776,0.0,0.0,134.3221549479167,44.0,16.0,381.0,16.0,bldg33_2015-04-18_0_0027.png,bldg33_2015-04-18_1_0027.png,GP,217.0,131.0,131.0,217.0,44.0,381.0,234.0,134.3221549479167,164.22971163748713,124.20007842453816,144.81105169340464,27.13795754216112,366.56288254897396
28,2015-04-18 20:45:56.489656064,0.0,0.0,132.66202799479169,37.0,16.0,368.0,16.0,bldg33_2015-04-18_0_0028.png,bldg33_2015-04-18_1_0028.png,GP,68.0,80.0,80.0,68.0,37.0,368.0,237.0,132.66202799479169,177.09078269824923,117.62531805507145,136.35693724812896,27.674256758288298,366.85668042720437
29,2015-04-18 20:45:57.343489792,0.0,0.0,124.197197265625,29.0,16.0,368.0,16.0,bldg33_2015-04-18_0_0029.png,bldg33_2015-04-18_1_0029.png,GP,226.0,132.0,132.0,226.0,29.0,368.0,238.0,124.19719726562501,173.48053553038105,107.51747560125479,131.18666666666667,29.71611472371923,361.5378509072498
30,2015-04-18 20:45:58.140537088,0.0,0.0,131.23330078125,27.0,16.0,363.0,16.0,bldg33_2015-04-18_0_0030.png,bldg33_2015-04-18_1_0030.png,GP,189.0,65.0,65.0,189.0,27.0,363.0,239.0,131.23330078125,174.40144181256437,116.62323980481004,132.64182842830306,30.056825744814766,369.78109320388216
31,2015-04-18 20:45:58.805602048,0.0,0.0,139.12656575520833,25.0,16.0,371.0,16.0,bldg33_2015-04-18_0_0031.png,bldg33_2015-04-18_1_0031.png,GP,44.0,85.0,85.0,44.0,25.0,371.0,239.0,139.12656575520833,173.57355818743562,127.46813785291042,141.04009433962264,28.79228664936571,367.03822598398966
32,2015-04-18 20:45:59.516977920,0.0,0.0,140.71444010416667,28.0,16.0,368.0,16.0,bldg33_2015-04-18_0_0032.png,bldg33_2015-04-18_1_0032.png,GP,32.0,92.0,92.0,32.0,28.0,368.0,239.0,140.71444010416667,155.56498455200824,135.68834088532589,138.67955024595923,26.439800101821568,367.11131515536374
33,2015-04-18 20:46:00.206532096,0.0,0.0,144.4461328125,26.0,16.0,368.0,16.0,bldg33_2015-04-18_0_0033.png,bldg33_2015-04-18_1_0033.png,GP,169.0,104.0,104.0,169.0,26.0,368.0,236.0,144.4461328125,162.43939237899073,138.35639595677935,141.62435040831477,25.013166419717564,377.42778981966853
34,2015-04-18 20:46:00.923104,0.0,0.0,145.4810904947917,10.0,16.0,377.0,16.0,bldg33_2015-04-18_0_0034.png,bldg33_2015-04-18_1_0034.png,GP,128.0,104.0,104.0,128.0,10.0,377.0,237.0,145.4810904947917,159.94513388259526,140.58580080167306,148.4979524979525,24.646633928299252,367.8910234354683
35,2015-04-18 20:46:01.456093184,0.0,0.0,164.188935546875,16.0,16.0,369.0,16.0,bldg33_2015-04-18_0_0035.png,bldg33_2015-04-18_1_0035.png,GP,86.0,61.0,61.0,86.0,16.0,369.0,231.0,164.188935546875,154.54282955715757,167.45361624259323,156.35260115606937,24.42322211084754,367.63027955559124
36,2015-04-18 20:46:01.971688960,0.0,0.0,147.46248046875004,19.0,16.0,368.0,16.0,bldg33_2015-04-18_0_0036.png,bldg33_2015-04-18_1_0036.png,GP,56.0,114.0,114.0,56.0,19.0,368.0,233.0,147.46248046875002,192.77351956745625,132.12716538863714,146.51382823871907,28.16422549906926,342.6420570771005
37,2015-04-18 20:46:02.464590080,0.0,0.0,151.54142903645834,14.0,16.0,344.0,16.0,bldg33_2015-04-18_0_0037.png,bldg33_2015-04-18_1_0037.png,GP,62.0,144.0,144.0,62.0,14.0,344.0,234.0,151.54142903645834,185.8281797116375,139.93723422795398,151.82793867120955,28.944634394412244,338.0864060990096
38,2015-04-18 20:46:02.971640064,0.0,0.0,178.4990397135417,11.0,16.0,340.0,16.0,bldg33_2015-04-18_0_0038.png,bldg33_2015-04-18_1_0038.png,GP,26.0,164.0,164.0,26.0,11.0,340.0,233.0,178.4990397135417,176.1350025746653,179.29913733008016,156.16387959866222,27.18612978914351,330.4197389569275
39,2015-04-18 20:46:03.467246080,0.0,0.0,176.87713216145835,13.0,16.0,331.0,16.0,bldg33_2015-04-18_0_0039.png,bldg33_2015-04-18_1_0039.png,GP,24.0,191.0,191.0,24.0,13.0,331.0,232.0,176.87713216145835,170.51583419155511,179.03008452422446,161.59236947791166,26.462517806156132,321.57242788061956
40,2015-04-18 20:46:03.902290176,0.0,0.0,157.95868815104168,23.0,16.0,323.0,16.0,bldg33_2015-04-18_0_0040.png,bldg33_2015-04-18_1_0040.png,GP,17.0,172.0,172.0,17.0,23.0,323.0,234.0,157.95868815104168,170.88187435633367,153.58489456256535,176.56858407079645,27.011726675907287,316.5351053494693
41,2015-04-18 20:46:04.390859008,0.0,0.0,173.82994466145837,22.0,16.0,318.0,16.0,bldg33_2015-04-18_0_0041.png,bldg33_2015-04-18_1_0041.png,GP,30.0,166.0,166.0,30.0,22.0,318.0,234.0,173.82994466145834,208.04539134912463,162.24988236319274,173.93333333333334,29.19976748754071,311.45142562434137
42,2015-04-18 20:47:35.475527168,1.0,1.0,131.50309895833334,39.0,16.0,42.0,16.0,bldg33_2015-04-18_0_0042.png,bldg33_2015-04-18_1_0042.png,GP,14.0,1728.0,14.0,1728.0,42.0,39.0,230.0,131.50309895833334,107.00962924819774,139.79280237016383,116.36322360953461,,
43,2015-04-18 20:47:36.483307008,1.0,1.0,122.67950846354168,292.0,16.0,112.0,16.0,bldg33_2015-04-18_0_0043.png,bldg33_2015-04-18_1_0043.png,GP,412.0,347.0,412.0,347.0,112.0,292.0,232.0,122.67950846354168,71.09456745623069,140.1381971070059,107.36704653371321,43.320301535143535,287.44072016990157
44,2015-04-18 20:47:36.761495040,1.0,1.0,254.9996223958333,294.0,16.0,122.0,16.0,bldg33_2015-04-18_0_0044.png,bldg33_2015-04-18_1_0044.png,GP,9.0,0.0,9.0,0.0,122.0,294.0,4.0,254.99962239583334,255.0,254.9994945974207,255.0,48.9491716486264,294.43081709562506
45,2015-04-18 20:47:37.625844992,1.0,1.0,219.7805859375,297.0,16.0,218.0,16.0,bldg33_2015-04-18_0_0045.png,bldg33_2015-04-18_1_0045.png,GP,12.0,0.0,12.0,0.0,218.0,297.0,230.0,219.7805859375,224.3781797116375,218.22455123736492,192.56498673740052,49.03892262795572,293.93223729751395
46,2015-04-18 20:47:38.441227008,1.0,1.0,185.9426953125,297.0,16.0,268.0,16.0,bldg33_2015-04-18_0_0046.png,bldg33_2015-04-18_1_0046.png,GP,42.0,55.0,42.0,55.0,268.0,297.0,222.0,185.9426953125,210.26033728115345,177.7125,170.2225827384815,37.274675820475665,279.69805059704106
47,2015-04-18 20:47:39.327855104,1.0,1.0,161.230205078125,279.0,16.0,277.0,16.0,bldg33_2015-04-18_0_0047.png,bldg33_2015-04-18_1_0047.png,GP,157.0,132.0,157.0,132.0,277.0,279.0,236.0,161.230205078125,138.6346421215242,168.87757058208433,165.00900900900902,35.84989469619324,281.4592493053113
48,2015-04-18 20:47:40.272728832,1.0,1.0,100.35753255208334,284.0,16.0,262.0,16.0,bldg33_2015-04-18_0_0048.png,bldg33_2015-04-18_1_0048.png,GP,49.0,23.0,49.0,23.0,262.0,284.0,242.0,100.35753255208334,107.28863285272915,98.01173318229348,118.73101604278075,32.81066651913059,310.7931252017312
49,2015-04-18 20:47:41.037814016,1.0,1.0,97.87664713541668,314.0,16.0,248.0,16.0,bldg33_2015-04-18_0_0049.png,bldg33_2015-04-18_1_0049.png,GP,380.0,89.0,380.0,89.0,248.0,314.0,243.0,97.87664713541668,95.21636199794027,98.77700853956082,121.31527890056589,31.533660828712478,376.92567826159984
50,2015-04-18 20:47:41.736526848,1.0,1.0,101.47280598958334,376.0,16.0,269.0,16.0,bldg33_2015-04-18_0_0050.png,bldg33_2015-04-18_1_0050.png,GP,332.0,80.0,332.0,80.0,269.0,376.0,243.0,101.47280598958334,92.16074922760042,104.6244292436389,112.48159509202453,30.40319144784321,384.746385833314
51,2015-04-18 20:47:42.342489856,1.0,1.0,106.38887369791668,384.0,16.0,277.0,16.0,bldg33_2015-04-18_0_0051.png,bldg33_2015-04-18_1_0051.png,GP,395.0,371.0,395.0,371.0,277.0,384.0,241.0,106.38887369791668,100.38816941297631,108.41978476821191,114.31994818652849,26.802434604468775,409.3268363502615
52,2015-04-18 20:47:42.898356992,1.0,1.0,114.12619791666668,409.0,16.0,296.0,16.0,bldg33_2015-04-18_0_0052.png,bldg33_2015-04-18_1_0052.png,GP,242.0,304.0,242.0,304.0,296.0,409.0,242.0,114.12619791666667,81.15105561277034,125.28648483792261,118.62402088772846,26.84226171694228,409.51010389917326
53,2015-04-18 20:47:43.405051904,1.0,1.0,119.7041796875,408.0,16.0,346.0,16.0,bldg33_2015-04-18_0_0053.png,bldg33_2015-04-18_1_0053.png,GP,195.0,273.0,195.0,273.0,346.0,408.0,242.0,119.7041796875,72.4717044284243,135.68979609620075,127.09404388714734,29.493095922356716,405.140495214314
54,2015-04-18 20:47:43.893467904,1.0,1.0,114.42919596354167,404.0,16.0,377.0,16.0,bldg33_2015-04-18_0_0054.png,bldg33_2015-04-18_1_0054.png,GP,201.0,187.0,201.0,187.0,377.0,404.0,242.0,114.42919596354167,70.46649073120494,129.30817357964446,121.94569288389513,31.081545280469182,392.8352047771813
55,2015-04-18 20:47:44.417594880,1.0,1.0,106.25818359375,392.0,16.0,296.0,16.0,bldg33_2015-04-18_0_0055.png,bldg33_2015-04-18_1_0055.png,GP,170.0,190.0,170.0,190.0,296.0,392.0,243.0,106.25818359375,67.7342044284243,119.29644911118856,111.16818181818182,30.50756283327821,388.93803924150745
56,2015-04-18 20:47:44.973701120,1.0,1.0,101.9755078125,389.0,16.0,237.0,16.0,bldg33_2015-04-18_0_0056.png,bldg33_2015-04-18_1_0056.png,GP,185.0,206.0,185.0,206.0,237.0,389.0,243.0,101.97550781250001,87.9496395468589,106.72249912861623,112.5857740585774,29.53266813286715,397.36189742163333
57,2015-04-18 20:47:45.593206784,1.0,1.0,98.01164713541668,398.0,16.0,202.0,16.0,bldg33_2015-04-18_0_0057.png,bldg33_2015-04-18_1_0057.png,GP,91.0,378.0,91.0,378.0,202.0,398.0,243.0,98.01164713541667,119.90899845520083,90.60058818403624,110.29354445797807,27.03652178202044,409.80777688231564
58,2015-04-18 20:47:46.296747008,1.0,1.0,98.55649739583332,410.0,16.0,181.0,16.0,bldg33_2015-04-18_0_0058.png,bldg33_2015-04-18_1_0058.png,GP,291.0,378.0,291.0,378.0,181.0,410.0,243.0,98.55649739583333,125.55078527291452,89.42040345067967,110.09055876685935,26.277035641544096,413.55340037887197
59,2015-04-18 20:47:47.016412928,1.0,1.0,101.17053059895834,413.0,16.0,174.0,16.0,bldg33_2015-04-18_0_0059.png,bldg33_2015-04-18_1_0059.png,GP,275.0,519.0,275.0,519.0,174.0,413.0,244.0,101.17053059895834,131.66767507723995,90.84891077030323,112.10871694417239,26.59804852708457,415.9694968284212
60,2015-04-18 20:47:47.728419072,1.0,1.0,102.71720703125,416.0,16.0,168.0,16.0,bldg33_2015-04-18_0_0060.png,bldg33_2015-04-18_1_0060.png,GP,265.0,449.0,265.0,449.0,168.0,416.0,244.0,102.71720703125001,136.53236354273943,91.27262112234227,107.04955401387512,27.74241313334065,409.98104333614805
61,2015-04-18 20:47:48.478236928,1.0,1.0,107.0696484375,410.0,16.0,166.0,16.0,bldg33_2015-04-18_0_0061.png,bldg33_2015-04-18_1_0061.png,GP,215.0,325.0,215.0,325.0,166.0,410.0,244.0,107.0696484375,138.5385813594233,96.41913123039386,107.69842738205365,28.459137270929812,409.8142742100016
62,2015-04-18 20:47:49.126149888,1.0,1.0,101.5544921875,409.0,16.0,170.0,16.0,bldg33_2015-04-18_0_0062.png,bldg33_2015-04-18_1_0062.png,GP,69.0,105.0,69.0,105.0,170.0,409.0,244.0,101.5544921875,93.07062306900103,104.42581910073196,108.74827109266943,27.35422744298808,402.0031997572982
63,2015-04-18 20:47:49.683788032,1.0,1.0,104.24362955729168,402.0,16.0,530.0,16.0,bldg33_2015-04-18_0_0063.png,bldg33_2015-04-18_1_0063.png,GP,132.0,128.0,132.0,128.0,530.0,402.0,244.0,104.24362955729167,82.92395726055612,111.4591756709655,111.9168,25.752089597737534,409.7952220319097
64,2015-04-18 20:47:50.216690944,1.0,1.0,81.369482421875,410.0,16.0,530.0,41.0,bldg33_2015-04-18_0_0064.png,bldg33_2015-04-18_1_0064.png,GP,16.0,54.0,16.0,54.0,1358.125,410.0,245.0,81.369482421875,59.140010298661174,88.89294614848379,94.69642857142857,27.715954917457427,377.01571577371914
65,2015-04-18 20:47:50.782178048,1.0,1.0,64.94803385416667,380.0,16.0,530.0,44.0,bldg33_2015-04-18_0_0065.png,bldg33_2015-04-18_1_0065.png,GP,8.0,24.0,8.0,24.0,1457.5,380.0,245.0,64.94803385416667,58.46719876416066,67.14144301150226,89.8551461245235,29.349755602867766,365.4939107629646
66,2015-04-18 20:47:51.374883840,1.0,1.0,57.43349283854167,373.0,16.0,530.0,36.0,bldg33_2015-04-18_0_0066.png,bldg33_2015-04-18_1_0066.png,GP,217.0,243.0,217.0,243.0,1192.5,373.0,245.0,57.43349283854167,56.00332131822863,57.91752788428023,84.80870712401055,30.84158811904882,355.6839554966357
67,2015-04-18 20:47:52.041188864,1.0,1.0,50.32495442708333,365.0,16.0,530.0,29.0,bldg33_2015-04-18_0_0067.png,bldg33_2015-04-18_1_0067.png,GP,150.0,256.0,150.0,256.0,960.625,365.0,246.0,50.324954427083334,59.93529866117405,47.0723771348902,80.32710280373831,32.25242389432029,348.31386880174324
68,2015-04-18 20:47:52.657665024,1.0,1.0,51.64301757812501,359.0,16.0,530.0,24.0,bldg33_2015-04-18_0_0068.png,bldg33_2015-04-18_1_0068.png,GP,322.0,239.0,322.0,239.0,795.0,359.0,246.0,51.643017578125004,58.475875386199796,49.33046793307773,79.26698450536352,33.448859466109276,345.3521082268943
69,2015-04-18 20:47:53.373421056,1.0,1.0,55.04937500000001,356.0,16.0,530.0,21.0,bldg33_2015-04-18_0_0069.png,bldg33_2015-04-18_1_0069.png,GP,242.0,260.0,242.0,260.0,695.625,356.0,246.0,55.049375000000005,48.818228630278064,57.15827814569536,80.29130009775172,33.9976257869602,342.9139843913499
70,2015-04-18 20:47:54.044663040,1.0,1.0,56.9574609375,353.0,16.0,530.0,25.0,bldg33_2015-04-18_0_0070.png,bldg33_2015-04-18_1_0070.png,GP,352.0,363.0,352.0,363.0,828.125,353.0,246.0,56.9574609375,54.73855561277034,57.70843935169048,81.87340529931305,34.64533785344274,342.6620922771525
71,2015-04-18 20:47:54.695175936,1.0,1.0,52.70213216145834,353.0,16.0,530.0,34.0,bldg33_2015-04-18_0_0071.png,bldg33_2015-04-18_1_0071.png,GP,354.0,292.0,354.0,292.0,1126.25,353.0,246.0,52.70213216145834,44.523094747682805,55.470290170791216,82.60222222222222,34.1500135950905,340.8105442822871
72,2015-04-18 20:47:55.350835968,1.0,1.0,50.27439778645834,351.0,16.0,530.0,31.0,bldg33_2015-04-18_0_0072.png,bldg33_2015-04-18_1_0072.png,GP,134.0,266.0,134.0,266.0,1026.875,351.0,246.0,50.27439778645834,52.54850669412976,49.504735970721505,80.7696335078534,35.16248674751948,337.89033263461727
73,2015-04-18 20:47:55.909764096,1.0,1.0,53.4741015625,348.0,16.0,530.0,37.0,bldg33_2015-04-18_0_0073.png,bldg33_2015-04-18_1_0073.png,GP,81.0,112.0,81.0,112.0,1225.625,348.0,247.0,53.4741015625,40.09165808444902,58.00332868595329,82.00299850074963,35.001281758884396,337.9825796404718
74,2015-04-18 20:47:56.397672960,1.0,1.0,43.46783203125001,349.0,16.0,530.0,43.0,bldg33_2015-04-18_0_0074.png,bldg33_2015-04-18_1_0074.png,GP,32.0,39.0,32.0,39.0,1424.375,349.0,246.0,43.467832031250005,37.48338053553038,45.49324241896131,80.73739130434782,36.60433657240548,327.8819635131832
75,2015-04-18 20:47:56.815920128,1.0,1.0,38.831350911458344,339.0,16.0,530.0,50.0,bldg33_2015-04-18_0_0075.png,bldg33_2015-04-18_1_0075.png,GP,12.0,26.0,12.0,26.0,1656.25,339.0,246.0,38.83135091145834,49.41340113285273,35.24990414778669,72.70685579196217,36.97066878758153,325.8649527777557
76,2015-04-18 20:47:57.252137984,1.0,1.0,34.22172200520833,338.0,16.0,530.0,58.0,bldg33_2015-04-18_0_0076.png,bldg33_2015-04-18_1_0076.png,GP,11.0,44.0,11.0,44.0,1921.25,338.0,247.0,34.221722005208335,46.67494850669413,30.006984140815614,72.05578512396694,37.39369807572554,323.84281558604044
77,2015-04-18 20:47:57.644176128,1.0,1.0,31.092861328125004,336.0,16.0,530.0,64.0,bldg33_2015-04-18_0_0077.png,bldg33_2015-04-18_1_0077.png,GP,174.0,103.0,174.0,103.0,2120.0,336.0,248.0,31.092861328125004,45.84409114315139,26.100374695015685,80.32758620689656,38.18603681860753,323.843167345888
78,2015-04-18 20:47:58.080174080,1.0,1.0,28.96498372395833,335.0,16.0,530.0,64.0,bldg33_2015-04-18_0_0078.png,bldg33_2015-04-18_1_0078.png,GP,192.0,158.0,192.0,158.0,2120.0,335.0,248.0,28.964983723958333,48.434294541709576,22.375684036249563,84.48138957816377,38.13250667990773,325.8126556567365
79,2015-04-18 20:47:58.573803776,1.0,1.0,29.34188802083333,337.0,16.0,530.0,64.0,bldg33_2015-04-18_0_0079.png,bldg33_2015-04-18_1_0079.png,GP,259.0,182.0,259.0,182.0,2120.0,337.0,248.0,29.341888020833334,49.68435890834191,22.457071279191354,85.81277533039648,37.83160349761175,328.082387952177
80,2015-04-18 20:47:59.019115008,1.0,1.0,30.20730143229167,339.0,16.0,530.0,64.0,bldg33_2015-04-18_0_0080.png,bldg33_2015-04-18_1_0080.png,GP,27.0,69.0,27.0,69.0,2120.0,339.0,248.0,30.20730143229167,50.805612770339856,23.23589665388637,107.9271523178808,37.65379577776801,336.84979235897436
81,2015-04-18 20:47:59.528006144,1.0,1.0,29.48771158854167,346.0,16.0,530.0,64.0,bldg33_2015-04-18_0_0081.png,bldg33_2015-04-18_1_0081.png,GP,16.0,47.0,16.0,47.0,2120.0,346.0,248.0,29.487711588541668,46.530677136972194,23.719597420704076,91.43541666666667,36.84706428890583,333.42502283840037
82,2015-04-18 20:48:00.055444992,1.0,1.0,31.29469401041667,343.0,16.0,530.0,64.0,bldg33_2015-04-18_0_0082.png,bldg33_2015-04-18_1_0082.png,GP,215.0,193.0,215.0,193.0,2120.0,343.0,248.0,31.29469401041667,46.094902162718846,26.285630881840362,92.10048622366288,37.10707344258012,332.38461177783984
83,2015-04-18 20:48:00.606885888,1.0,1.0,33.5316015625,343.0,16.0,530.0,46.0,bldg33_2015-04-18_0_0083.png,bldg33_2015-04-18_1_0083.png,GP,212.0,181.0,212.0,181.0,1523.75,343.0,248.0,33.5316015625,57.06524201853759,25.56674799581736,98.98961937716263,36.96004083207369,337.70919476995573
84,2015-04-18 20:48:01.054028032,1.0,1.0,37.648391927083345,347.0,16.0,530.0,40.0,bldg33_2015-04-18_0_0084.png,bldg33_2015-04-18_1_0084.png,GP,14.0,23.0,14.0,23.0,1325.0,347.0,248.0,37.64839192708334,59.628527291452116,30.209315092366676,109.11586901763224,35.74195085189015,347.49107357525867
85,2015-04-18 20:48:01.526712832,1.0,1.0,38.90101888020833,355.0,16.0,530.0,28.0,bldg33_2015-04-18_0_0085.png,bldg33_2015-04-18_1_0085.png,GP,17.0,22.0,17.0,22.0,927.5,355.0,249.0,38.90101888020833,71.36849897013388,27.912547926106658,107.430426716141,35.0892183590928,351.71111766853903
86,2015-04-18 20:48:01.991025920,1.0,1.0,42.46820963541667,359.0,16.0,530.0,31.0,bldg33_2015-04-18_0_0086.png,bldg33_2015-04-18_1_0086.png,GP,88.0,113.0,88.0,113.0,1026.875,359.0,247.0,42.46820963541667,85.49470906282184,27.906086615545487,115.36206896551724,34.79659419914667,359.85477418959994
87,2015-04-18 20:48:02.479197952,1.0,1.0,45.42038411458334,366.0,16.0,530.0,26.0,bldg33_2015-04-18_0_0087.png,bldg33_2015-04-18_1_0087.png,GP,217.0,203.0,217.0,203.0,861.25,366.0,248.0,45.420384114583335,89.35100411946448,30.552265597769257,112.94343065693431,33.062231646831755,367.70494205028115
88,2015-04-18 20:48:03.008872960,1.0,1.0,48.35685546875001,373.0,16.0,530.0,22.0,bldg33_2015-04-18_0_0088.png,bldg33_2015-04-18_1_0088.png,GP,190.0,237.0,190.0,237.0,728.75,373.0,248.0,48.356855468750005,87.79102729145211,35.01053938654584,107.99709302325581,32.584843226101725,367.96642372179565
89,2015-04-18 20:48:03.599191040,1.0,1.0,52.64039713541667,374.0,16.0,530.0,20.0,bldg33_2015-04-18_0_0089.png,bldg33_2015-04-18_1_0089.png,GP,268.0,310.0,268.0,310.0,662.5,374.0,248.0,52.64039713541667,84.78146240988671,41.762399790867896,113.67054714784634,31.65656387798451,373.8310819317204
90,2015-04-18 20:48:04.158760960,1.0,1.0,55.59197916666667,380.0,16.0,530.0,17.0,bldg33_2015-04-18_0_0090.png,bldg33_2015-04-18_1_0090.png,GP,343.0,338.0,343.0,338.0,563.125,380.0,248.0,55.59197916666667,57.541078784757985,54.93231526664343,122.1978021978022,31.66803257623663,371.83736648576047
91,2015-04-18 20:48:04.723790848,1.0,1.0,61.06602864583334,377.0,16.0,530.0,16.0,bldg33_2015-04-18_0_0091.png,bldg33_2015-04-18_1_0091.png,GP,375.0,308.0,375.0,308.0,530.0,377.0,248.0,61.066028645833335,52.79021627188465,63.86693970024398,123.50884955752213,33.76759621352115,365.70042186195525
92,2015-04-18 20:48:05.275691008,1.0,1.0,74.578984375,371.0,16.0,469.0,16.0,bldg33_2015-04-18_0_0092.png,bldg33_2015-04-18_1_0092.png,GP,17.0,29.0,17.0,29.0,469.0,371.0,248.0,74.578984375,100.8188465499485,65.69822237713488,133.17898193760263,34.72480041085759,378.66003808804317
93,2015-04-18 20:48:05.923016960,1.0,1.0,79.3696484375,381.0,16.0,416.0,16.0,bldg33_2015-04-18_0_0093.png,bldg33_2015-04-18_1_0093.png,GP,18.0,40.0,18.0,40.0,416.0,381.0,248.0,79.3696484375,120.69438722966015,65.38347856395957,118.27120418848168,32.03724250258716,386.12363724482594
94,2015-04-18 20:48:06.596911872,1.0,1.0,80.41341796875003,387.0,16.0,530.0,16.0,bldg33_2015-04-18_0_0094.png,bldg33_2015-04-18_1_0094.png,GP,327.0,245.0,327.0,245.0,530.0,387.0,248.0,80.41341796875001,80.0248841400618,80.54491547577553,118.05408062930186,29.9821826189861,387.27941297946836
95,2015-04-18 20:48:07.159425024,1.0,1.0,57.35057291666667,389.0,16.0,530.0,16.0,bldg33_2015-04-18_0_0095.png,bldg33_2015-04-18_1_0095.png,GP,201.0,152.0,201.0,152.0,530.0,389.0,249.0,57.35057291666667,36.466967044284246,64.41853433252004,95.71299435028249,30.95689742595018,352.7756917312198
96,2015-04-18 20:48:07.727395072,1.0,1.0,61.54858398437501,359.0,16.0,397.0,16.0,bldg33_2015-04-18_0_0096.png,bldg33_2015-04-18_1_0096.png,GP,60.0,201.0,60.0,201.0,397.0,359.0,248.0,61.54858398437501,54.16848609680741,64.04634454513767,96.02204408817636,35.40449398389838,347.37393012475127
97,2015-04-18 20:48:08.327032064,1.0,1.0,83.46595377604167,356.0,16.0,418.0,16.0,bldg33_2015-04-18_0_0097.png,bldg33_2015-04-18_1_0097.png,GP,39.0,130.0,39.0,130.0,418.0,356.0,246.0,83.46595377604167,79.87886199794026,84.67998867201115,113.42857142857143,33.64984501642314,373.59063645090407
98,2015-04-18 20:48:09.061683968,1.0,1.0,86.19825520833334,377.0,16.0,390.0,16.0,bldg33_2015-04-18_0_0098.png,bldg33_2015-04-18_1_0098.png,GP,50.0,100.0,50.0,100.0,390.0,377.0,247.0,86.19825520833334,82.59774716786818,87.41683077727431,103.14317507418397,29.52462232970683,384.2211180018432
99,2015-04-18 20:48:09.812547072,1.0,1.0,95.48447591145832,386.0,16.0,307.0,16.0,bldg33_2015-04-18_0_0099.png,bldg33_2015-04-18_1_0099.png,GP,287.0,216.0,287.0,216.0,307.0,386.0,246.0,95.48447591145833,98.10807157569516,94.59653189264552,107.10561797752808,28.922016450971526,396.1113987321197
100,2015-04-18 20:48:10.624658944,1.0,1.0,99.97173828125,397.0,16.0,271.0,16.0,bldg33_2015-04-18_0_0100.png,bldg33_2015-04-18_1_0100.png,GP,87.0,60.0,87.0,60.0,271.0,397.0,246.0,99.97173828125001,106.21385169927909,97.85912338794004,109.87534059945504,27.170476180347073,405.878140247769
101,2015-04-18 20:48:11.404798976,1.0,1.0,116.40276041666668,406.0,16.0,234.0,16.0,bldg33_2015-04-18_0_0101.png,bldg33_2015-04-18_1_0101.png,GP,57.0,58.0,57.0,58.0,234.0,406.0,243.0,116.40276041666668,157.22469104016477,102.58676368072499,117.39524517087668,29.862098068940472,411.4400726163365
102,2015-04-18 20:48:11.964507136,1.0,1.0,118.92196940104168,410.0,16.0,510.0,16.0,bldg33_2015-04-18_0_0102.png,bldg33_2015-04-18_1_0102.png,GP,46.0,35.0,46.0,35.0,510.0,410.0,242.0,118.92196940104168,148.11668383110197,109.04115109794353,128.37818181818182,29.172793450561123,401.01764022667624
103,2015-04-18 20:48:12.635268864,1.0,1.0,93.9891796875,400.0,16.0,530.0,16.0,bldg33_2015-04-18_0_0103.png,bldg33_2015-04-18_1_0103.png,GP,31.0,22.0,31.0,22.0,530.0,400.0,245.0,93.98917968750001,100.06569258496395,91.93261153712095,105.95405669599218,27.611808844287744,386.0241958060725
104,2015-04-18 20:48:13.206622976,1.0,1.0,87.68278971354168,386.0,16.0,313.0,16.0,bldg33_2015-04-18_0_0104.png,bldg33_2015-04-18_1_0104.png,GP,44.0,72.0,44.0,72.0,313.0,386.0,243.0,87.68278971354167,103.69978115345005,82.26191181596374,107.83683360258482,25.49763741502839,407.28766978765447
105,2015-04-18 20:48:13.840987904,1.0,1.0,92.24708984375,409.0,16.0,323.0,16.0,bldg33_2015-04-18_0_0105.png,bldg33_2015-04-18_1_0105.png,GP,64.0,127.0,64.0,127.0,323.0,409.0,244.0,92.24708984375,100.1433702368692,89.5746296619031,105.98097826086956,25.395239903366935,408.4653190674674
106,2015-04-18 20:48:14.280646912,1.0,1.0,102.08803059895834,410.0,16.0,311.0,16.0,bldg33_2015-04-18_0_0106.png,bldg33_2015-04-18_1_0106.png,GP,9.0,11.0,9.0,11.0,311.0,410.0,242.0,102.08803059895834,100.77122811534501,102.53369640989892,140.2064343163539,26.63368082105111,423.104251893251
107,2015-04-18 20:48:14.941374976,1.0,1.0,108.30485677083334,423.0,16.0,260.0,16.0,bldg33_2015-04-18_0_0107.png,bldg33_2015-04-18_1_0107.png,GP,9.0,9.0,9.0,9.0,260.0,423.0,244.0,108.30485677083334,112.52391864057672,106.87693447194144,124.93227091633466,26.397677585155993,413.6310174518784
108,2015-04-18 20:48:15.614289152,1.0,1.0,113.38539388020834,413.0,16.0,251.0,16.0,bldg33_2015-04-18_0_0108.png,bldg33_2015-04-18_1_0108.png,GP,284.0,180.0,284.0,180.0,251.0,413.0,245.0,113.38539388020834,116.28639289392379,112.40356395956779,127.74505494505495,24.847883888350076,423.3977383477924
109,2015-04-18 20:48:16.289071104,1.0,1.0,111.493349609375,422.0,16.0,268.0,16.0,bldg33_2015-04-18_0_0109.png,bldg33_2015-04-18_1_0109.png,GP,196.0,268.0,196.0,268.0,268.0,422.0,245.0,111.493349609375,118.47362255406797,109.13090798187521,122.69419237749547,25.687187563336817,414.2034459626246
110,2015-04-18 20:48:16.928921856,1.0,1.0,106.37490885416668,413.0,16.0,241.0,16.0,bldg33_2015-04-18_0_0110.png,bldg33_2015-04-18_1_0110.png,GP,220.0,319.0,220.0,319.0,241.0,413.0,245.0,106.37490885416668,119.00930741503605,102.098854130359,113.67144432194047,25.42829846301492,413.8778852013987
111,2015-04-18 20:48:17.544961024,1.0,1.0,106.02248697916669,413.0,16.0,253.0,16.0,bldg33_2015-04-18_0_0111.png,bldg33_2015-04-18_1_0111.png,GP,200.0,306.0,200.0,306.0,253.0,413.0,245.0,106.02248697916667,123.3153964984552,100.16978041129313,119.36576354679804,25.91341105954899,417.51960505437046
112,2015-04-18 20:48:18.126120192,1.0,1.0,101.26857421875,416.0,16.0,530.0,16.0,bldg33_2015-04-18_0_0112.png,bldg33_2015-04-18_1_0112.png,GP,139.0,119.0,139.0,119.0,530.0,416.0,244.0,101.26857421875,94.82891349124614,103.4480481003834,124.84018264840182,25.740733897603686,412.0608829975907
113,2015-04-18 20:48:18.614757888,1.0,1.0,75.05734375,412.0,16.0,530.0,21.0,bldg33_2015-04-18_0_0113.png,bldg33_2015-04-18_1_0113.png,GP,23.0,95.0,23.0,95.0,695.625,412.0,245.0,75.05734375,107.08804067971164,64.2167000697107,98.77250409165303,26.486454944255776,393.29243322360975
114,2015-04-18 20:48:19.169198080,1.0,1.0,74.84753580729169,395.0,16.0,530.0,25.0,bldg33_2015-04-18_0_0114.png,bldg33_2015-04-18_1_0114.png,GP,93.0,126.0,93.0,126.0,828.125,395.0,244.0,74.84753580729168,102.9898429454171,65.32289996514464,102.68051948051948,26.102900071521006,401.93489580868277
115,2015-04-18 20:48:19.688023040,1.0,1.0,67.422080078125,406.0,16.0,530.0,18.0,bldg33_2015-04-18_0_0115.png,bldg33_2015-04-18_1_0115.png,GP,180.0,196.0,180.0,196.0,596.25,406.0,244.0,67.422080078125,109.08519567456231,53.32138811432555,101.40992647058823,26.801390631984123,397.0771248617083
116,2015-04-18 20:48:20.161676032,1.0,1.0,87.20583333333335,401.0,16.0,530.0,16.0,bldg33_2015-04-18_0_0116.png,bldg33_2015-04-18_1_0116.png,GP,23.0,37.0,23.0,37.0,530.0,401.0,241.0,87.20583333333335,111.98103759011329,78.82077814569536,122.61778846153847,27.34649166828353,414.2958183929927
117,2015-04-18 20:48:20.746157056,1.0,1.0,93.85162760416668,416.0,16.0,530.0,16.0,bldg33_2015-04-18_0_0117.png,bldg33_2015-04-18_1_0117.png,GP,31.0,39.0,31.0,39.0,530.0,416.0,244.0,93.85162760416667,88.41235839340885,95.69252352736144,118.95797280593325,25.01643179198761,413.3657072715674
118,2015-04-18 20:48:21.301740800,1.0,1.0,90.73150065104169,414.0,16.0,463.0,16.0,bldg33_2015-04-18_0_0118.png,bldg33_2015-04-18_1_0118.png,GP,186.0,186.0,186.0,186.0,463.0,414.0,243.0,90.73150065104167,104.92581101956746,85.92750087138376,120.58030303030303,25.31844935096468,415.9882025427375
119,2015-04-18 20:48:21.843941888,1.0,1.0,105.31838541666669,417.0,16.0,194.0,16.0,bldg33_2015-04-18_0_0119.png,bldg33_2015-04-18_1_0119.png,GP,124.0,131.0,124.0,131.0,194.0,417.0,241.0,105.31838541666667,93.64938208032956,109.2677065179505,138.31323283082077,25.823290206832244,424.1079866498456
120,2015-04-18 20:48:22.357310976,1.0,1.0,121.08503580729167,424.0,16.0,244.0,16.0,bldg33_2015-04-18_0_0120.png,bldg33_2015-04-18_1_0120.png,GP,33.0,88.0,33.0,88.0,244.0,424.0,244.0,121.08503580729167,122.77312049433574,120.51371122342279,130.0893760539629,26.75066616432397,420.4511225323165
121,2015-04-18 20:48:22.858608896,1.0,1.0,113.41267252604167,419.0,16.0,331.0,16.0,bldg33_2015-04-18_0_0121.png,bldg33_2015-04-18_1_0121.png,GP,128.0,149.0,128.0,149.0,331.0,419.0,242.0,113.41267252604167,130.58537590113286,107.60064918089927,126.82287822878229,25.16092341662332,416.3044139624585
122,2015-04-18 20:48:23.323764992,1.0,1.0,94.41140950520834,415.0,16.0,342.0,16.0,bldg33_2015-04-18_0_0122.png,bldg33_2015-04-18_1_0122.png,GP,62.0,130.0,62.0,130.0,342.0,415.0,242.0,94.41140950520834,94.14465756951597,94.50169048448937,122.54485049833887,24.96299275509498,407.30680673846905
123,2015-04-18 20:48:23.765784064,1.0,1.0,89.74830729166668,407.0,16.0,480.0,16.0,bldg33_2015-04-18_0_0123.png,bldg33_2015-04-18_1_0123.png,GP,86.0,159.0,86.0,159.0,480.0,407.0,243.0,89.74830729166668,100.93943099897014,85.96072237713489,132.07788944723617,25.092875106962367,420.59040748073096
124,2015-04-18 20:48:24.201122048,1.0,1.0,91.39106119791668,421.0,16.0,530.0,16.0,bldg33_2015-04-18_0_0124.png,bldg33_2015-04-18_1_0124.png,GP,48.0,104.0,48.0,104.0,530.0,421.0,243.0,91.39106119791667,94.19781153450052,90.44112931334959,130.87643020594965,26.219702690515206,412.6767496041996
125,2015-04-18 20:48:24.583264,1.0,1.0,81.18102213541667,413.0,16.0,530.0,20.0,bldg33_2015-04-18_0_0125.png,bldg33_2015-04-18_1_0125.png,GP,135.0,182.0,135.0,182.0,662.5,413.0,240.0,81.18102213541667,95.70204685890835,76.26644736842105,124.03554502369668,25.395683369765283,410.7928550686474
126,2015-04-18 20:48:24.996507904,1.0,1.0,93.606376953125,412.0,16.0,530.0,19.0,bldg33_2015-04-18_0_0126.png,bldg33_2015-04-18_1_0126.png,GP,53.0,68.0,53.0,68.0,629.375,412.0,240.0,93.60637695312501,101.81029866117404,90.82979696758453,129.72252747252747,25.16966860459835,424.11355647336245
127,2015-04-18 20:48:25.464943872,1.0,1.0,99.24301106770834,425.0,16.0,530.0,17.0,bldg33_2015-04-18_0_0127.png,bldg33_2015-04-18_1_0127.png,GP,47.0,54.0,47.0,54.0,563.125,425.0,241.0,99.24301106770834,106.62886199794028,96.74330341582433,130.67895878524945,25.11605214092502,422.9233575835207
128,2015-04-18 20:48:25.922615040,1.0,1.0,99.71346028645834,423.0,16.0,530.0,18.0,bldg33_2015-04-18_0_0128.png,bldg33_2015-04-18_1_0128.png,GP,47.0,166.0,47.0,166.0,596.25,423.0,241.0,99.71346028645834,114.0851184346035,94.84943795747647,132.26746987951807,24.634264410125674,425.26347800421553
129,2015-04-18 20:48:26.439958016,1.0,1.0,120.1975390625,425.0,16.0,397.0,16.0,bldg33_2015-04-18_0_0129.png,bldg33_2015-04-18_1_0129.png,GP,125.0,216.0,125.0,216.0,397.0,425.0,241.0,120.19753906250001,122.94633110195674,119.26722289996513,140.82841328413284,25.396602313784026,428.21902764335755
130,2015-04-18 20:48:26.972707072,1.0,1.0,134.59734700520835,427.0,16.0,276.0,16.0,bldg33_2015-04-18_0_0130.png,bldg33_2015-04-18_1_0130.png,GP,49.0,140.0,49.0,140.0,276.0,427.0,241.0,134.59734700520835,128.75216271884656,136.57562303938653,141.06367583212736,24.44514564096505,418.7907473593959
131,2015-04-18 20:48:27.530846208,1.0,1.0,145.17419270833338,417.0,16.0,241.0,16.0,bldg33_2015-04-18_0_0131.png,bldg33_2015-04-18_1_0131.png,GP,230.0,266.0,230.0,266.0,241.0,417.0,241.0,145.17419270833335,131.7814237899073,149.706914430115,144.83859649122806,24.188626374862043,412.0218515191663
132,2015-04-18 20:48:28.007000064,1.0,1.0,162.6516796875,411.0,16.0,100.0,16.0,bldg33_2015-04-18_0_0132.png,bldg33_2015-04-18_1_0132.png,GP,253.0,104.0,253.0,104.0,100.0,411.0,239.0,162.6516796875,131.23268537590113,173.28529539909377,149.363436123348,25.603229089501102,397.7303838248211
133,2015-04-18 20:48:28.526810880,1.0,1.0,165.94320963541668,397.0,16.0,96.0,16.0,bldg33_2015-04-18_0_0133.png,bldg33_2015-04-18_1_0133.png,GP,97.0,121.0,97.0,121.0,96.0,397.0,240.0,165.94320963541668,181.53332904222452,160.6668046357616,147.1879106438896,27.138245641246435,379.5137599836949
134,2015-04-18 20:48:29.064029952,1.0,1.0,155.9011653645833,380.0,16.0,83.0,16.0,bldg33_2015-04-18_0_0134.png,bldg33_2015-04-18_1_0134.png,GP,337.0,207.0,337.0,207.0,83.0,380.0,244.0,155.90116536458333,220.6601570545829,133.98377919135586,132.39439655172413,31.51473053039223,346.8530520863643
135,2015-04-18 20:48:29.662221056,1.0,1.0,157.82594726562505,349.0,16.0,55.0,16.0,bldg33_2015-04-18_0_0135.png,bldg33_2015-04-18_1_0135.png,GP,290.0,236.0,290.0,236.0,55.0,349.0,243.0,157.82594726562502,231.28998455200824,132.96237800627395,135.70100502512562,38.49666402606241,326.70404079128474
136,2015-04-18 20:48:30.172104960,1.0,1.0,161.53780598958338,329.0,16.0,44.0,16.0,bldg33_2015-04-18_0_0136.png,bldg33_2015-04-18_1_0136.png,GP,272.0,198.0,272.0,198.0,44.0,329.0,241.0,161.53780598958335,221.27188465499486,141.32107877309167,139.83239436619718,38.3776721270906,316.2591596691032
137,2015-04-18 20:48:30.733676800,1.0,1.0,170.69239583333334,318.0,16.0,34.0,16.0,bldg33_2015-04-18_0_0137.png,bldg33_2015-04-18_1_0137.png,GP,208.0,106.0,208.0,106.0,34.0,318.0,241.0,170.69239583333334,218.87117662203914,154.38650662251655,159.9106796116505,35.55556733812451,312.96539820338273
138,2015-04-18 20:48:31.247432960,1.0,1.0,178.65375651041668,315.0,16.0,50.0,16.0,bldg33_2015-04-18_0_0138.png,bldg33_2015-04-18_1_0138.png,GP,207.0,233.0,207.0,233.0,50.0,315.0,240.0,178.65375651041668,224.11717301750772,163.26686998954338,160.37136465324386,34.648870283217974,303.4812608247928
139,2015-04-18 20:48:31.755456,1.0,1.0,182.80071940104168,305.0,16.0,40.0,16.0,bldg33_2015-04-18_0_0139.png,bldg33_2015-04-18_1_0139.png,GP,277.0,165.0,277.0,165.0,40.0,305.0,240.0,182.80071940104168,202.42716271884655,176.15823893342628,148.97794117647058,33.748932176190024,300.14439216003365
140,2015-04-18 20:48:32.214941952,1.0,1.0,187.81032877604167,302.0,16.0,49.0,16.0,bldg33_2015-04-18_0_0140.png,bldg33_2015-04-18_1_0140.png,GP,272.0,164.0,272.0,164.0,49.0,302.0,240.0,187.81032877604167,214.21668383110196,178.8732180202161,157.3145896656535,32.00519068186035,305.11959738229206
141,2015-04-18 20:48:32.666183936,1.0,1.0,179.2839778645833,306.0,16.0,95.0,16.0,bldg33_2015-04-18_0_0141.png,bldg33_2015-04-18_1_0141.png,GP,188.0,125.0,188.0,125.0,95.0,306.0,239.0,179.28397786458333,196.4799948506694,173.46406413384454,164.31792975970424,32.09011586338905,297.9976382178249
142,2015-04-18 20:48:33.131685888,1.0,1.0,150.16545572916667,300.0,16.0,249.0,16.0,bldg33_2015-04-18_0_0142.png,bldg33_2015-04-18_1_0142.png,GP,46.0,171.0,46.0,171.0,249.0,300.0,239.0,150.16545572916667,139.74935633367662,153.69073719065875,146.11623246492985,29.3039391045734,305.72515798815
143,2015-04-18 20:48:33.565951232,1.0,1.0,119.53618815104169,309.0,16.0,386.0,16.0,bldg33_2015-04-18_0_0143.png,bldg33_2015-04-18_1_0143.png,GP,51.0,39.0,51.0,39.0,386.0,309.0,239.0,119.53618815104167,79.34580329557157,133.138441094458,123.44103773584905,30.98085100256819,337.8606449681056
144,2015-04-18 20:48:34.078697984,1.0,1.0,97.6373828125,339.0,16.0,407.0,16.0,bldg33_2015-04-18_0_0144.png,bldg33_2015-04-18_1_0144.png,GP,55.0,55.0,55.0,55.0,407.0,339.0,241.0,97.63738281250001,69.17927394438723,107.26890031369815,124.29452054794521,33.349350439498096,369.1691901983887
145,2015-04-18 20:48:34.641246976,1.0,1.0,102.43116861979168,369.0,16.0,494.0,16.0,bldg33_2015-04-18_0_0145.png,bldg33_2015-04-18_1_0145.png,GP,278.0,236.0,278.0,236.0,494.0,369.0,239.0,102.43116861979168,80.03743563336766,110.01022568839316,122.6752688172043,31.69586963639615,388.06625380422327
146,2015-04-18 20:48:35.209570816,1.0,1.0,89.43888997395834,388.0,16.0,461.0,16.0,bldg33_2015-04-18_0_0146.png,bldg33_2015-04-18_1_0146.png,GP,228.0,279.0,228.0,279.0,461.0,388.0,239.0,89.43888997395834,84.55746652935119,91.09098553502963,117.91046831955923,28.27566231386656,397.00264102264737
147,2015-04-18 20:48:35.769675008,1.0,1.0,87.471591796875,398.0,16.0,530.0,16.0,bldg33_2015-04-18_0_0147.png,bldg33_2015-04-18_1_0147.png,GP,316.0,242.0,316.0,242.0,530.0,398.0,242.0,87.471591796875,73.75423532440783,92.11416869989543,120.67153284671532,26.35186749117237,406.0391610605408
148,2015-04-18 20:48:36.300173056,1.0,1.0,79.29179036458333,407.0,16.0,530.0,16.0,bldg33_2015-04-18_0_0148.png,bldg33_2015-04-18_1_0148.png,GP,260.0,283.0,260.0,283.0,530.0,407.0,243.0,79.29179036458333,72.08429454170958,81.73113454165214,109.07773386034256,26.87188101142257,393.5232636518416
149,2015-04-18 20:48:36.932687872,1.0,1.0,117.00144856770834,396.0,16.0,222.0,16.0,bldg33_2015-04-18_0_0149.png,bldg33_2015-04-18_1_0149.png,GP,197.0,300.0,197.0,300.0,222.0,396.0,242.0,117.00144856770834,87.5355561277034,126.97404583478564,137.65433403805497,29.821599055094758,415.2705946139591
150,2015-04-18 20:48:37.519256064,1.0,1.0,154.32006510416667,415.0,16.0,92.0,16.0,bldg33_2015-04-18_0_0150.png,bldg33_2015-04-18_1_0150.png,GP,104.0,116.0,104.0,116.0,92.0,415.0,240.0,154.32006510416667,132.2228630278064,161.79876263506446,158.83743169398906,30.9210735844984,404.9456859882983
151,2015-04-18 20:48:38.010020864,1.0,1.0,225.95610351562505,403.0,16.0,50.0,16.0,bldg33_2015-04-18_0_0151.png,bldg33_2015-04-18_1_0151.png,GP,46.0,130.0,46.0,130.0,50.0,403.0,232.0,225.95610351562502,241.0780252317199,220.83815789473684,193.61149425287357,37.71089962114076,339.0949512455786
152,2015-04-18 20:48:38.359448832,1.0,1.0,250.21692057291668,340.0,16.0,27.0,16.0,bldg33_2015-04-18_0_0152.png,bldg33_2015-04-18_1_0152.png,GP,66.0,70.0,66.0,70.0,27.0,340.0,182.0,250.21692057291668,253.20431256436663,249.20585134193098,216.36805555555554,44.518109144306145,295.41122253396816
153,2015-04-18 20:48:38.637923072,1.0,1.0,254.01458658854168,294.0,16.0,20.0,16.0,bldg33_2015-04-18_0_0153.png,bldg33_2015-04-18_1_0153.png,GP,73.0,15.0,73.0,15.0,20.0,294.0,160.0,254.01458658854168,255.0,253.6810779017079,220.55555555555554,48.933255864255685,294.6700192307242
154,2015-04-18 20:48:39.088912896,1.0,1.0,254.99998046875,297.0,16.0,10.0,16.0,bldg33_2015-04-18_0_0154.png,bldg33_2015-04-18_1_0154.png,GP,45.0,0.0,45.0,0.0,10.0,297.0,2.0,254.99998046875,255.0,254.99997385848727,255.0,49.03812281305362,293.9392061211167
155,2015-04-18 20:48:39.560941056,1.0,1.0,255.00000000000003,297.0,16.0,3.0,16.0,bldg33_2015-04-18_0_0155.png,bldg33_2015-04-18_1_0155.png,GP,623.0,0.0,623.0,0.0,3.0,297.0,0.0,255.00000000000003,255.0,255.0,255.0,49.03892262795572,293.93223729751395
156,2015-04-18 20:48:40.024676096,1.0,1.0,254.9854296875,297.0,16.0,1.0,16.0,bldg33_2015-04-18_0_0156.png,bldg33_2015-04-18_1_0156.png,GP,410.0,0.0,410.0,0.0,1.0,297.0,106.0,254.98542968750002,255.0,254.98049843150923,255.0,49.03892262795572,293.93223729751395
157,2015-04-18 20:48:40.490955008,1.0,1.0,255.00000000000003,297.0,16.0,1.0,16.0,bldg33_2015-04-18_0_0157.png,bldg33_2015-04-18_1_0157.png,GP,87.0,0.0,87.0,0.0,1.0,297.0,0.0,255.00000000000003,255.0,255.0,255.0,49.038922627128116,293.9322372894966
158,2015-04-18 20:48:40.962543872,1.0,1.0,255.00000000000003,297.0,16.0,1.0,16.0,bldg33_2015-04-18_0_0158.png,bldg33_2015-04-18_1_0158.png,GP,115.0,0.0,115.0,0.0,1.0,297.0,0.0,255.00000000000003,255.0,255.0,255.0,49.03892262795572,293.93223729751395
